Stems,Counts,Class
william,1,spam
finn,1,spam
axel,1,spam
felix,1,spam
benjamin,1,spam
oscar,1,spam
theodor,1,spam
harvey,1,spam
tobia,1,spam
cale,1,spam
arthur,1,spam
ezra,1,spam
declan,1,spam
john,1,spam
jack,1,spam
ronan,1,spam
wyatt,1,spam
soren,1,spam
thoma,1,spam
ethan,1,spam
oliv,1,spam
atticu,1,spam
mile,1,spam
harri,1,spam
julian,1,spam
eli,1,spam
asher,1,spam
zachari,1,spam
kai,1,spam
sebastian,1,spam
harrison,1,spam
leo,1,spam
charl,1,spam
liam,1,spam
aryan,1,spam
ryker,1,spam
alexand,1,spam
milo,1,spam
matthew,1,spam
levi,1,spam
jasper,1,spam
bodhi,1,spam
elijah,1,spam
jame,1,spam
callum,1,spam
xavier,1,spam
roman,1,spam
henri,1,spam
andrew,1,spam
sila,1,spam
luna,1,ham
lila,1,ham
maia,1,ham
mia,1,ham
esm,1,ham
anna,1,ham
alic,1,ham
elizabeth,1,ham
isla,1,ham
arabella,1,ham
ivi,1,ham
rose,1,ham
geneviev,1,ham
aurelia,1,ham
cora,1,ham
stella,1,ham
rumi,1,ham
isabella,1,ham
amara,1,ham
eleanor,1,ham
maev,1,ham
audrey,1,ham
hazel,1,ham
violet,1,ham
nora,1,ham
emma,1,ham
lydia,1,ham
imogen,1,ham
olivia,1,ham
luci,1,ham
adelin,1,ham
penelop,1,ham
amelia,1,ham
iri,1,ham
elis,1,ham
emilia,1,ham
ophelia,1,ham
julia,1,ham
thea,1,ham
clair,1,ham
sadi,1,ham
jane,1,ham
elois,1,ham
astrid,1,ham
charlott,1,ham
ava,1,ham
aurora,1,ham
isabel,1,ham
khaleesi,1,ham
evelyn,1,ham
